Order,Item
1,566
1,629
2,523
3,499
4,521
4,533
4,451
5,469
5,770
6,402
6,660
6,160
7,584
7,364
7,675
8,729
9,557
10,591
11,303
11,519
12,332
12,504
12,548
13,462
14,529
15,467
15,511
15,271
15,693
15,495
16,574
16,654
16,730
16,545
16,377
17,345
18,462
19,803
19,649
20,558
21,133
22,791
23,435
23,538
24,549
25,545
25,640
25,672
25,475
26,685
26,496
26,655
27,640
28,711
29,384
29,634
29,593
29,475
29,596
30,138
31,448
31,517
31,268
31,732
31,295
31,489
31,694
31,259
32,545
33,600
34,487
34,489
34,461
34,444
34,370
34,620
34,771
34,690
34,643
35,597
35,488
35,400
35,336
35,210
35,564
35,375
36,388
37,527
38,639
38,699
38,411
38,563
38,432
38,526
38,629
38,338
38,835
38,718
38,560
38,505
38,314
38,478
38,200
38,528
38,571
38,340
38,327
39,552
40,355
41,810
41,437
41,257
41,564
41,484
41,823
41,598
41,489
41,439
41,453
41,468
41,607
41,333
41,208
41,480
41,454
41,703
41,387
41,618
41,337
41,374
41,557
41,788
41,541
41,389
41,404
41,519
42,515
43,542
43,353
43,496
43,469
43,534
43,524
44,677
45,383
46,315
47,537
48,883
48,434
48,378
49,365
50,498
50,822
50,334
50,550
50,576
51,399
51,609
51,796
51,754
51,437
52,608
53,484
54,338
54,566
55,257
56,413
57,339
57,624
57,631
57,652
57,617
57,430
57,398
57,474
57,185
57,269
57,399
57,763
57,232
58,706
58,516
58,592
58,536
58,590
58,264
58,414
58,383
58,694
58,507
58,329
58,454
58,574
58,445
58,491
58,562
58,629
58,708
58,747
58,320
59,384
59,417
59,481
59,639
59,406
60,374
61,318
61,483
62,607
63,395
63,478
64,425
65,499
66,598
66,345
67,605
67,623
67,565
67,130
67,677
67,475
67,531
68,728
69,484
69,580
69,916
69,668
69,574
69,509
69,232
69,393
69,248
69,610
69,615
69,571
69,291
69,730
69,586
70,576
70,562
71,816
72,523
72,556
72,624
73,484
74,631
75,707
76,690
76,449
76,608
76,702
76,680
76,378
76,359
76,311
76,399
76,653
77,359
78,390
78,203
79,573
79,566
79,580
79,941
79,363
79,648
79,747
79,267
79,174
79,286
79,610
79,243
79,301
79,639
79,447
79,459
79,571
79,451
79,382
80,602
80,596
80,229
80,429
80,421
80,423
81,480
81,657
81,631
81,413
82,523
82,422
82,430
82,834
82,573
82,709
83,485
84,447
84,699
84,621
84,19
84,399
84,303
84,451
84,522
84,459
85,313
86,376
86,785
87,618
87,796
87,750
88,352
89,389
90,218
91,194
91,421
91,714
92,538
93,466
93,526
93,287
93,265
94,719
94,487
94,708
94,839
94,630
94,675
94,684
94,308
95,427
95,322
95,612
96,474
96,647
96,628
96,528
97,388
97,485
97,536
98,405
99,402
99,739
100,327
101,540
101,558
102,542
103,39
103,234
103,481
103,418
103,878
103,325
104,424
104,383
104,418
104,531
104,310
105,506
106,738
107,358
108,565
109,412
110,859
110,604
110,355
110,478
110,547
110,482
110,723
110,390
111,448
112,396
112,430
113,366
113,578
113,521
113,487
113,435
113,275
113,532
113,381
113,705
113,520
113,368
113,720
113,124
114,442
114,675
114,546
114,807
114,663
114,282
115,572
116,321
117,182
117,364
117,615
118,248
119,402
120,236
121,879
122,459
123,525
123,616
124,552
125,304
126,685
126,589
127,739
127,746
127,328
127,588
128,748
129,303
130,439
130,395
130,624
130,692
130,337
131,192
132,732
132,415
132,623
132,642
132,405
132,463
132,372
132,340
132,408
132,521
132,368
132,416
133,40
133,930
133,761
133,943
134,163
134,720
134,350
134,739
134,322
134,519
134,340
134,608
134,537
134,721
135,194
135,440
135,595
136,733
136,365
136,619
137,427
138,611
138,402
139,411
140,669
141,437
141,370
141,593
141,726
141,555
141,78
141,418
141,680
142,271
143,559
144,364
145,511
145,482
145,496
145,524
145,486
146,156
147,372
148,419
148,500
148,617
148,448
149,454
150,299
151,554
152,339
152,284
152,505
152,343
153,725
154,533
154,522
155,462
155,451
155,368
156,515
157,618
157,412
157,919
157,667
158,802
159,477
159,620
159,167
159,849
159,749
159,598
159,455
159,454
160,469
161,601
161,340
161,683
161,436
161,372
161,321
161,374
161,80
161,695
161,389
161,358
161,354
161,541
161,504
161,240
161,690
161,584
162,435
163,698
163,432
163,476
163,422
163,266
163,327
164,651
164,553
164,616
164,561
165,281
166,529
167,553
168,482
168,666
169,551
170,478
170,509
170,276
170,652
170,645
170,560
170,287
170,392
170,463
171,489
172,226
173,323
174,326
174,528
175,595
175,529
175,545
175,318
175,408
175,184
175,543
176,555
177,512
178,541
179,629
179,304
179,506
179,536
179,434
179,314
180,563
181,677
182,471
182,659
182,567
183,409
183,669
183,693
183,438
183,627
183,571
183,562
183,516
183,530
183,470
183,779
183,685
184,485
185,299
186,530
186,460
186,733
186,510
186,412
186,449
186,665
186,346
187,716
188,523
188,692
189,501
190,659
191,466
192,158
193,473
194,912
195,323
195,396
195,883
196,655
197,587
197,545
197,743
197,408
197,601
197,721
197,553
197,419
198,701
198,409
199,758
199,746
200,482
200,542
201,531
202,438
202,559
202,766
202,316
203,513
203,485
203,461
204,371
204,403
204,608
204,442
205,670
206,384
206,526
206,591
206,521
206,433
206,357
206,389
207,647
207,501
207,207
207,656
207,677
207,615
207,204
208,568
209,459
209,694
209,838
209,272
209,667
209,270
210,504
210,352
210,428
210,494
211,629
211,860
211,250
211,597
211,699
211,539
211,327
212,540
213,494
214,398
214,676
214,397
214,701
215,483
215,442
215,579
215,421
216,281
217,360
218,549
219,445
220,478
221,516
222,364
222,474
222,407
222,365
222,397
222,379
222,431
222,782
222,128
222,923
223,566
224,547
224,306
224,735
224,632
224,683
225,448
226,473
227,467
228,751
228,134
228,785
228,520
228,719
228,528
229,617
229,434
229,476
229,446
229,297
230,813
231,158
231,486
232,533
233,312
234,304
235,360
236,809
236,607
236,384
236,290
236,586
236,635
236,378
236,49
236,383
236,604
237,415
238,543
238,589
238,505
238,249
238,515
239,710
240,464
240,407
240,469
241,728
242,243
242,337
242,382
243,368
244,723
245,188
246,326
246,407
246,413
246,447
246,529
246,538
246,618
246,619
246,637
246,671
246,782
247,748
248,826
248,504
248,563
248,679
248,354
248,595
249,576
249,570
249,775
250,493
250,370
250,651
250,668
251,321
252,695
252,527
252,511
252,514
253,536
253,567
253,290
253,816
253,476
254,433
255,231
256,380
256,481
256,683
256,617
256,350
256,390
256,618
256,364
256,458
256,452
256,299
256,494
256,835
256,384
257,586
257,466
258,317
258,541
258,148
258,529
258,780
258,328
258,475
258,397
258,372
258,433
259,443
259,324
259,716
259,451
259,442
259,337
259,731
260,545
261,328
262,68
263,444
263,591
264,234
264,353
264,229
264,561
264,687
264,601
264,672
264,367
264,549
265,307
265,285
265,352
265,213
265,582
265,659
265,415
265,602
265,437
265,514
265,473
265,469
265,492
266,515
266,416
266,881
266,652
267,407
267,238
267,317
267,396
267,562
267,332
267,441
267,490
268,119
268,129
268,158
268,180
268,250
268,310
268,315
268,348
268,356
268,391
268,405
268,430
268,433
268,440
268,450
268,465
268,480
268,494
268,503
268,506
268,534
268,536
268,545
268,547
268,556
268,576
268,585
268,638
268,647
268,648
268,655
268,714
268,721
268,760
268,772
268,775
268,776
268,809
269,288
270,257
271,439
272,397
273,296
273,356
273,526
273,180
273,466
273,380
273,440
273,221
273,444
273,574
274,725
275,724
275,669
275,731
275,486
275,577
276,572
276,491
276,235
276,419
276,411
277,943
277,470
277,639
277,379
277,643
278,623
279,582
279,416
279,511
279,313
279,655
279,294
279,720
280,376
281,433
281,451
282,354
282,690
283,326
284,309
284,490
285,902
285,321
285,299
286,474
287,527
287,188
287,420
287,373
287,274
287,662
288,179
288,375
288,500
288,518
289,368
290,301
291,310
292,180
293,383
293,900
293,421
293,652
293,474
293,387
293,214
294,455
294,647
294,495
294,450
294,367
295,350
296,668
296,716
296,738
296,315
296,561
296,212
296,665
297,727
298,511
299,401
300,439
300,464
300,336
301,690
302,475
303,310
304,732
304,404
304,386
304,647
304,556
304,560
304,827
304,758
304,406
305,732
305,217
305,272
305,317
305,429
305,940
305,618
305,568
306,707
307,448
308,425
308,655
308,727
309,608
309,449
310,641
310,494
310,792
310,238
311,556
311,729
311,552
311,582
311,229
311,451
311,386
311,547
312,301
312,303
312,487
312,276
312,651
312,579
312,393
312,327
312,155
313,324
314,650
315,627
315,435
315,550
315,522
315,416
315,317
316,468
317,686
317,821
318,351
318,329
318,409
319,550
320,542
320,222
320,624
321,416
321,426
322,435
323,179
324,545
324,725
324,447
324,618
325,264
326,432
327,312
328,524
328,540
328,586
328,426
328,394
328,267
328,778
328,368
328,486
328,415
329,571
330,607
330,431
330,286
330,652
330,275
330,651
330,553
331,394
332,264
332,381
332,503
332,697
332,625
332,281
332,483
332,261
332,298
333,337
334,562
334,196
334,119
334,509
335,489
335,187
335,668
336,755
337,460
338,464
339,268
340,705
341,513
341,338
341,236
341,328
341,457
341,558
342,426
343,503
343,517
343,290
343,354
344,600
344,488
344,619
344,391
345,780
345,657
346,512
347,581
348,590
349,538
350,451
350,580
350,374
351,605
351,388
351,611
352,682
353,570
353,341
353,683
353,556
353,541
353,522
353,220
353,620
353,446
353,348
354,461
355,425
355,338
355,515
356,465
356,392
356,375
357,438
357,159
357,569
357,256
358,706
359,575
359,663
359,536
359,751
359,698
360,339
360,380
360,868
361,452
361,422
361,255
362,655
362,600
362,626
362,532
362,241
362,541
362,621
362,614
362,492
362,618
362,471
362,585
363,720
364,466
364,308
364,764
364,331
364,639
365,534
366,410
366,406
366,328
366,476
366,760
366,409
366,860
366,278
366,817
366,362
366,15
367,254
368,365
368,458
368,597
368,707
368,587
369,537
369,146
369,346
369,572
370,613
371,285
371,41
372,689
373,509
374,516
375,567
376,660
377,736
377,326
378,320
379,523
379,398
380,173
380,159
380,974
380,626
380,768
381,864
382,487
382,677
382,861
382,563
382,499
382,341
382,248
382,434
383,625
384,272
385,464
386,511
387,333
387,122
388,583
389,808
389,750
389,440
389,481
389,434
389,520
389,627
390,128
390,484
390,144
391,364
391,294
391,304
391,488
391,695
392,388
393,821
393,355
393,723
393,370
394,546
394,503
394,366
394,646
394,558
394,624
394,359
394,460
394,402
395,444
396,402
397,573
398,143
399,530
399,27
400,662
401,218
401,468
401,391
401,701
402,587
402,299
403,482
404,523
404,594
405,727
406,512
406,265
406,495
406,316
406,301
406,475
406,249
406,489
406,427
406,599
406,636
406,668
407,877
407,925
407,193
408,225
409,291
409,549
410,463
411,473
412,304
412,471
413,358
414,402
414,638
415,199
415,504
416,674
417,652
418,551
418,468
418,592
418,74
418,415
418,507
418,596
418,541
419,147
419,477
419,480
419,330
419,429
419,552
419,337
419,317
420,744
421,882
421,441
421,497
421,359
421,387
421,552
421,219
421,940
421,320
421,283
422,628
422,796
422,572
422,657
422,678
422,430
422,281
422,334
422,474
422,519
422,670
422,738
422,466
422,376
422,760
422,632
422,350
422,517
423,403
424,259
425,463
426,231
426,328
426,346
426,356
426,375
426,384
426,396
426,433
426,459
426,466
426,468
426,473
426,502
426,505
426,522
426,530
426,565
426,573
426,652
426,680
426,849
427,828
428,367
429,196
429,554
429,152
429,508
429,636
429,726
429,500
429,134
429,410
429,596
429,496
429,559
429,191
429,558
430,337
431,458
431,678
431,398
431,602
431,648
431,322
431,772
431,596
431,656
432,455
432,608
433,503
434,434
434,570
434,631
434,716
434,335
434,466
435,334
435,383
436,407
437,438
438,485
438,493
438,227
438,516
438,378
438,412
438,708
438,655
438,352
438,446
438,524
439,406
439,732
439,185
440,302
440,552
440,442
440,364
440,485
440,561
440,553
440,259
441,462
441,640
441,416
441,714
441,455
441,596
442,610
442,336
442,726
442,267
442,121
442,211
442,717
442,305
442,659
442,763
443,773
443,287
443,639
443,576
444,548
444,649
444,331
445,741
446,528
446,587
446,368
446,698
446,656
446,646
446,591
447,661
448,373
448,481
448,742
448,226
448,604
449,514
450,592
450,746
450,683
450,374
451,140
452,514
453,593
453,514
454,425
455,624
456,509
456,577
456,201
456,211
456,553
456,346
456,641
457,374
457,592
457,707
457,903
457,456
457,337
458,573
459,208
459,214
459,256
459,259
459,285
459,329
459,366
459,507
459,521
459,542
459,568
459,570
459,645
459,738
460,441
461,143
461,258
461,324
461,343
461,370
461,381
461,392
461,469
461,507
461,540
461,563
461,579
461,614
461,633
461,688
461,701
461,697
462,380
463,279
463,675
464,408
465,528
466,500
466,382
467,589
468,310
468,336
468,340
468,342
468,350
468,365
468,368
468,369
468,406
468,420
468,476
468,519
468,525
468,533
468,586
468,590
468,600
468,627
468,642
468,703
469,270
469,469
470,706
470,315
470,739
470,464
471,474
472,306
472,883
473,151
473,226
473,268
473,364
473,366
473,395
473,400
473,446
473,447
473,456
473,474
473,486
473,524
473,525
473,529
473,570
473,574
473,575
473,576
473,577
473,591
473,640
473,788
473,790
473,830
473,853
474,458
475,836
476,508
476,590
476,525
476,369
476,524
476,662
477,488
477,571
477,522
477,489
478,601
479,414
479,600
479,268
479,619
480,484
480,480
480,171
480,355
480,514
481,469
481,348
481,502
481,411
482,649
483,408
483,685
483,575
483,641
484,397
484,605
484,744
484,487
485,654
485,473
485,448
486,676
487,541
487,606
488,661
489,722
489,662
490,398
491,364
491,620
491,455
492,462
493,514
494,245
495,587
496,582
496,609
496,580
497,505
498,793
498,562
498,554
498,559
498,299
498,509
498,642
499,714
499,519
499,646
500,742
500,325
500,608
500,372
500,245
500,521
500,284
500,434
500,238
500,664
501,800
502,412
502,468
503,518
504,500
504,173
505,477
505,732
505,494
505,564
505,277
505,445
505,322
506,543
506,563
507,590
507,350
507,364
507,494
507,273
507,425
507,795
507,327
508,314
508,679
509,478
510,303
510,559
510,327
510,392
510,535
510,641
510,594
510,349
510,435
510,291
511,341
512,536
513,533
514,214
514,539
514,748
514,687
514,420
514,127
514,307
514,224
514,611
515,608
515,649
515,679
516,692
517,747
517,234
517,445
518,821
519,343
520,471
521,454
522,499
522,621
522,777
523,584
523,524
523,357
524,623
525,756
525,672
525,407
525,750
525,644
526,422
527,545
527,483
528,375
528,696
528,602
529,284
530,770
530,366
531,853
532,557
533,282
533,704
533,573
533,518
533,900
533,513
533,288
533,700
533,417
533,726
533,493
534,615
535,594
536,377
537,578
537,524
537,469
537,632
537,531
537,482
537,508
537,452
537,587
537,386
537,197
537,512
537,164
538,424
538,342
538,767
538,361
538,570
538,232
538,478
539,466
540,619
541,882
541,626
542,400
542,271
542,396
542,481
542,595
543,284
543,687
543,448
543,314
543,718
543,351
543,399
543,457
543,559
543,469
543,468
544,276
544,287
544,469
544,349
545,676
545,727
546,701
547,484
548,530
548,771
549,267
550,380
550,371
550,346
551,313
552,516
553,364
553,686
553,593
553,178
553,573
553,876
553,669
553,39
553,713
553,508
554,482
554,408
554,628
554,692
554,617
554,774
554,469
554,651
554,353
554,716
554,399
554,484
554,547
554,424
554,184
554,404
555,389
555,483
556,614
557,405
558,520
559,203
560,294
560,665
561,512
561,270
561,558
561,449
561,554
562,185
562,466
562,414
562,370
562,337
562,549
562,617
562,533
562,502
562,454
562,404
562,470
562,430
562,620
562,710
563,644
564,350
565,545
566,606
566,546
567,712
567,523
567,710
567,406
568,576
568,418
569,235
570,309
571,574
572,629
572,675
573,253
573,91
573,898
573,411
573,743
573,538
573,610
573,140
573,728
573,303
573,535
574,660
575,479
575,572
575,525
576,229
577,596
577,652
577,661
577,149
577,403
577,443
577,432
578,404
578,259
578,707
579,381
579,632
579,110
580,598
580,348
580,809
580,493
580,162
580,747
580,313
580,436
581,705
581,461
581,456
581,510
581,779
581,319
581,489
582,313
582,429
583,619
583,73
583,457
583,501
584,124
584,279
585,629
585,272
585,527
585,651
585,339
585,505
585,652
585,756
585,580
585,603
585,333
585,535
585,596
586,519
586,494
586,394
586,91
586,323
587,615
588,502
589,531
590,431
590,292
590,713
590,531
590,797
591,430
591,476
591,599
591,427
591,199
591,337
591,498
591,429
592,501
593,202
594,406
595,563
595,368
595,202
595,579
596,341
596,616
596,729
596,510
596,247
596,467
596,458
596,27
596,670
596,344
596,515
596,421
596,365
597,706
598,515
599,362
600,517
601,481
601,616
601,300
601,571
601,640
601,556
601,433
602,398
602,597
603,383
604,585
604,436
605,574
606,413
607,823
607,627
607,549
607,565
607,254
608,674
609,374
610,281
611,806
612,637
613,479
613,477
613,537
613,424
613,695
613,332
614,719
615,480
615,842
615,459
615,790
616,488
617,565
617,686
617,43
617,856
617,396
617,2
618,621
618,614
618,464
618,353
618,349
618,475
618,329
618,455
619,629
619,607
620,489
621,521
622,746
622,497
623,565
623,560
623,584
623,209
623,585
623,408
624,537
625,519
626,552
627,745
627,361
627,500
627,459
627,499
628,853
629,716
630,624
630,737
631,426
632,400
633,375
634,507
634,333
634,632
634,453
635,608
635,649
635,671
635,298
635,395
635,678
636,531
636,517
637,566
637,322
637,327
637,541
637,667
638,460
639,340
640,405
640,352
640,799
641,739
642,369
643,396
644,403
645,487
646,352
646,413
646,489
647,602
647,764
647,603
647,450
647,615
647,580
647,435
647,535
647,546
647,478
647,512
647,543
647,456
648,580
649,780
649,417
649,594
649,472
650,447
650,602
650,372
651,196
651,549
652,272
652,550
652,668
652,387
652,399
652,570
652,438
652,326
652,327
652,558
653,292
654,566
654,397
654,639
654,368
654,414
654,512
655,652
655,525
655,484
655,414
655,655
656,618
657,369
658,498
659,736
660,149
660,467
660,495
660,568
660,377
660,519
660,736
660,364
660,353
660,620
660,604
660,369
660,595
660,384
660,587
660,472
660,292
661,221
662,447
663,389
663,686
663,526
663,431
664,495
664,179
664,647
665,443
665,348
666,736
667,528
667,761
667,199
667,465
667,607
668,634
669,752
670,467
671,748
672,461
673,447
673,524
673,552
674,365
674,418
674,423
674,483
674,493
674,602
674,631
674,742
675,752
676,448
677,391
678,180
678,691
678,226
678,277
678,570
678,677
678,233
678,498
678,751
678,533
678,510
678,749
678,452
678,542
678,840
678,406
679,625
680,189
681,374
681,709
681,375
681,270
681,396
681,238
681,414
682,543
683,394
684,508
685,546
686,503
687,632
687,164
687,483
687,251
687,600
687,283
687,240
687,248
687,407
687,574
687,794
687,648
687,622
688,245
688,664
688,506
688,544
688,624
688,598
688,491
688,805
688,720
688,495
688,546
688,414
688,243
689,540
690,430
691,193
691,293
691,310
691,321
691,331
691,332
691,354
691,456
691,474
691,499
691,506
691,523
691,535
691,552
691,556
691,558
691,565
691,671
691,696
691,731
692,484
693,448
693,552
694,457
695,960
695,566
696,753
696,443
697,591
698,754
699,637
699,484
700,371
701,521
702,362
702,600
702,319
702,796
702,433
703,416
704,525
705,458
705,719
705,585
705,667
705,477
705,359
705,504
706,413
706,544
707,658
708,408
709,572
710,565
711,643
712,189
713,365
714,423
714,719
714,627
714,581
714,641
714,472
714,347
714,460
715,514
716,232
717,410
717,644
717,315
717,381
717,629
717,966
718,799
718,672
719,876
720,470
720,654
720,552
720,398
721,458
721,478
721,626
721,397
721,527
722,726
722,705
722,138
722,204
723,682
723,491
723,327
723,548
723,696
723,526
724,291
724,534
725,574
726,616
727,675
727,236
727,706
727,393
727,413
727,439
727,460
727,425
727,827
728,798
728,300
728,542
728,398
728,377
728,661
728,599
729,360
729,501
730,318
730,596
730,392
730,362
730,639
730,461
731,258
731,527
731,754
731,333
731,590
732,323
733,900
733,587
733,468
733,590
734,596
735,208
735,693
735,209
735,484
735,612
735,534
735,431
735,402
735,398
735,309
735,841
736,378
736,612
736,444
736,617
736,515
736,569
736,554
736,686
736,398
736,475
736,859
736,699
736,801
737,225
737,254
737,293
737,300
737,338
737,401
737,503
737,514
737,530
737,726
738,489
739,624
739,510
739,332
739,200
739,568
739,521
739,742
740,355
741,652
742,403
742,563
742,668
742,448
742,356
742,709
742,586
742,862
743,312
743,541
743,392
743,408
743,417
743,309
743,769
743,652
743,689
743,538
743,302
743,579
744,607
744,478
744,433
744,529
744,817
745,445
745,519
745,478
746,662
746,567
746,542
746,287
746,409
746,424
747,109
747,453
747,529
748,600
749,410
749,380
749,651
749,494
749,276
750,395
751,402
751,673
751,395
751,804
751,355
751,342
752,423
753,551
754,315
755,457
755,551
755,235
755,464
755,356
755,288
756,618
756,330
756,89
756,529
756,470
757,343
757,735
757,377
757,648
757,746
758,706
759,314
760,367
760,177
760,523
760,301
760,628
760,187
761,488
761,637
762,473
763,610
763,368
763,655
763,580
764,686
765,474
765,331
765,182
765,758
765,441
765,605
765,425
765,639
765,440
765,822
765,881
765,274
765,423
765,381
765,294
766,425
767,530
767,369
767,433
767,751
767,767
767,620
767,599
767,640
767,402
768,350
769,450
770,347
771,425
772,578
773,456
774,438
774,800
774,584
774,609
774,588
774,523
774,591
774,658
775,561
776,495
777,339
777,389
777,394
777,416
777,418
777,433
777,446
777,453
777,455
777,476
777,501
777,714
778,328
779,320
780,360
780,431
780,220
781,420
781,524
781,600
781,355
782,457
783,560
783,713
783,475
784,119
785,323
786,445
787,511
788,626
789,498
789,565
789,674
789,259
789,184
789,348
789,80
790,647
791,392
791,515
791,615
791,121
791,778
791,223
792,312
793,593
793,361
793,370
793,722
793,442
793,531
793,662
794,606
795,461
796,681
796,378
796,324
796,334
796,318
796,202
796,443
797,272
798,503
799,404
800,593
801,525
802,530
802,487
802,259
803,790
804,716
804,762
804,678
804,846
804,635
804,600
804,812
805,377
806,459
806,625
806,543
807,582
807,564
807,896
807,397
808,449
809,414
809,415
810,444
811,538
812,697
812,375
812,553
812,496
813,355
814,611
815,411
815,456
815,262
815,362
815,508
815,767
815,195
815,312
815,759
815,474
815,700
815,515
815,800
815,541
815,526
815,792
815,586
816,424
817,397
817,444
817,546
817,621
817,472
817,516
817,359
817,475
817,538
817,712
817,287
817,821
818,505
819,176
819,314
819,680
820,428
820,355
820,634
820,613
820,667
821,576
822,601
823,460
824,493
824,601
825,281
825,216
825,416
826,613
826,454
826,483
826,825
826,215
826,511
827,640
828,249
828,478
828,547
828,628
828,904
828,723
828,505
828,401
828,850
828,581
829,95
829,139
829,235
829,408
829,427
829,476
829,505
829,520
829,523
829,550
829,547
829,597
829,621
829,630
829,627
829,644
829,654
829,708
829,959
830,627
830,647
830,337
830,472
831,410
831,543
831,488
831,311
831,640
832,377
833,716
834,440
834,408
835,725
836,401
837,408
837,479
837,412
837,286
837,499
837,493
837,591
838,536
839,456
839,445
839,444
839,545
839,518
839,482
839,384
839,404
839,466
839,393
840,302
841,652
841,352
842,455
843,201
844,362
844,450
844,639
844,620
844,686
844,453
845,383
846,106
846,461
846,309
847,460
847,501
847,471
847,398
847,637
847,436
847,352
847,786
847,554
847,345
847,590
848,263
849,509
849,480
849,561
849,534
849,461
849,350
849,454
849,531
849,756
849,623
849,718
850,491
850,704
850,571
850,386
850,488
850,579
850,470
850,559
850,767
851,462
852,620
852,661
852,538
853,398
853,589
853,482
854,418
854,559
854,246
854,746
854,467
854,543
854,476
854,375
855,166
856,611
857,549
858,424
858,983
858,269
858,76
858,614
858,472
858,481
858,567
858,610
858,655
858,433
858,143
859,164
860,418
861,468
862,453
862,462
863,523
863,603
863,864
863,608
863,425
863,355
863,408
863,269
863,245
863,472
863,507
863,522
863,506
863,703
864,501
864,495
865,484
865,773
865,526
865,485
866,715
866,572
866,393
866,557
866,349
866,370
867,389
868,473
869,383
869,290
869,227
869,558
869,392
869,306
869,166
869,407
869,781
869,462
870,560
870,602
870,713
870,661
870,396
871,326
871,572
872,471
873,657
873,676
873,689
873,668
874,476
874,639
874,491
874,274
874,669
874,371
874,520
874,489
874,885
874,523
874,62
874,725
875,500
876,225
876,661
876,501
876,311
876,817
877,286
877,417
877,386
878,620
879,219
880,510
880,649
880,565
880,587
880,567
881,618
882,393
883,244
883,249
883,397
883,398
883,400
883,428
883,436
883,460
883,468
883,727
883,774
883,959
884,921
884,322
885,457
886,494
886,593
886,171
886,534
886,394
886,287
887,687
888,652
888,472
888,633
888,501
889,662
889,851
889,577
890,516
891,119
892,586
892,505
892,351
892,392
892,654
892,595
892,403
892,421
892,720
893,479
893,541
893,520
894,398
895,430
896,588
896,323
897,626
898,197
899,551
900,573
900,752
900,692
900,746
901,500
901,839
901,278
902,610
902,434
902,72
902,462
903,809
903,323
903,363
904,451
904,517
904,224
904,490
904,331
905,455
906,170
906,634
907,571
907,388
907,288
907,423
907,527
908,347
909,567
909,653
909,500
909,389
909,439
909,528
909,660
909,481
909,461
909,217
909,377
909,444
909,2
910,385
911,594
911,686
911,462
911,394
912,761
913,784
914,615
914,559
914,799
915,656
915,675
915,595
915,414
915,521
916,357
916,641
916,625
917,314
917,329
917,370
917,376
917,379
917,409
917,430
917,440
917,480
917,501
917,523
917,533
917,542
917,547
917,555
917,556
917,565
917,575
917,585
917,601
917,654
917,657
917,740
917,757
917,765
918,722
919,885
920,746
921,350
921,744
921,363
921,618
921,344
921,525
921,397
921,123
922,474
923,624
923,758
924,327
925,411
925,463
925,758
925,487
925,711
925,445
925,554
925,562
925,436
925,437
925,526
926,279
926,830
927,597
927,321
928,570
929,496
930,587
930,331
930,738
930,504
930,658
930,361
930,657
930,359
930,464
930,528
930,136
930,453
930,469
930,518
930,499
931,104
932,469
932,607
932,554
932,669
932,247
932,231
932,560
933,547
933,595
933,726
933,297
933,453
933,514
934,256
934,423
934,553
934,453
934,191
934,192
934,565
934,808
934,733
934,660
934,358
935,503
936,507
937,566
938,490
939,56
939,526
939,443
939,558
939,601
939,639
939,427
940,644
940,303
940,617
940,599
941,384
941,675
941,490
941,598
941,554
941,866
941,256
942,476
943,795
943,589
943,511
943,360
943,657
943,470
943,518
943,797
943,550
943,663
943,587
943,416
943,426
943,449
943,726
944,577
944,323
944,487
944,673
944,410
945,274
946,366
947,628
947,549
947,546
947,492
947,505
947,727
947,296
947,491
948,449
949,155
949,164
949,191
949,266
949,342
949,396
949,401
949,428
949,486
949,509
949,547
949,564
949,606
949,607
949,609
949,646
949,648
949,653
949,671
949,679
949,797
949,917
950,395
951,315
951,540
951,437
952,445
952,571
952,275
952,810
953,385
953,466
953,549
953,651
953,477
953,126
953,612
954,677
955,354
956,306
957,39
958,459
959,377
959,234
959,243
960,503
961,314
962,388
963,447
963,225
963,196
963,669
963,769
963,356
963,487
964,273
965,540
965,634
965,152
965,604
966,838
967,541
967,491
968,400
968,258
968,748
968,471
968,382
968,298
969,141
970,792
971,392
972,345
972,633
972,586
972,432
972,444
972,469
972,387
972,613
972,513
972,912
972,551
972,443
973,475
973,484
973,538
973,657
974,413
975,595
976,144
976,282
976,342
976,384
976,533
976,553
976,637
976,640
976,644
977,191
977,526
977,470
977,636
977,575
977,558
978,500
979,607
980,211
980,412
980,470
980,400
980,511
981,593
982,479
982,635
982,461
982,769
982,295
983,531
983,315
983,648
983,441
983,614
983,586
984,467
984,502
984,734
985,775
985,336
986,377
986,759
987,397
987,624
988,838
989,504
989,449
989,295
989,540
989,424
989,497
989,574
989,128
989,282
989,505
989,444
990,432
990,630
990,331
990,262
990,731
990,418
990,298
990,635
990,668
990,549
990,609
990,347
990,527
990,487
990,545
990,167
991,551
991,539
991,411
992,226
993,569
994,505
994,466
994,832
994,568
994,479
994,358
995,153
996,789
996,848
996,493
997,582
997,634
998,858
999,251
1000,359
1001,668
1001,299
1001,523
1002,547
1002,320
1003,544
1004,207
1004,406
1004,515
1004,524
1004,621
1005,571
1005,295
1005,391
1005,536
1005,556
1005,547
1005,694
1005,528
1005,252
1005,497
1006,466
1006,553
1006,352
1006,330
1006,667
1006,588
1006,95
1006,469
1007,256
1008,498
1009,425
1010,457
1011,383
1011,481
1011,285
1012,529
1012,565
1012,536
1012,741
1013,402
1014,538
1014,289
1014,511
1014,376
1014,795
1014,667
1014,352
1014,521
1014,596
1014,384
1014,565
1014,611
1014,603
1014,707
1014,692
1014,362
1015,470
1016,449
1016,278
1016,569
1016,488
1016,547
1017,328
1018,528
1019,281
1020,444
1021,714
1022,630
1022,221
1022,353
1023,632
1023,370
1023,686
1023,467
1023,555
1023,342
1023,384
1023,488
1023,416
1024,142
1025,661
1026,556
1026,243
1026,507
1027,342
1028,773
1029,784
1030,132
1030,490
1030,441
1030,577
1030,655
1030,494
1030,628
1030,555
1030,649
1030,487
1030,726
1030,452
1030,360
1031,804
1031,825
1031,565
1031,564
1031,344
1031,471
1032,670
1033,366
1034,566
1035,863
1036,588
1037,368
1037,422
1037,513
1037,630
1037,624
1037,696
1037,563
1037,281
1037,429
1037,532
1037,398
1037,361
1037,480
1037,553
1037,526
1038,445
1038,584
1038,442
1039,650
1040,502
1041,566
1042,327
1042,351
1042,77
1042,369
1042,845
1042,389
1042,467
1043,549
1043,563
1043,454
1044,404
1045,698
1045,489
1045,285
1045,461
1045,172
1045,265
1045,373
1045,906
1045,414
1046,508
1047,411
1047,345
1048,534
1048,389
1048,193
1048,484
1048,528
1048,236
1048,653
1048,377
1049,559
1049,306
1049,340
1049,537
1050,281
1051,394
1052,888
1052,578
1052,831
1052,604
1052,514
1053,621
1053,498
1053,487
1053,531
1054,345
1054,726
1054,404
1054,537
1054,277
1054,585
1054,743
1054,623
1054,646
1054,415
1055,560
1056,297
1056,366
1057,770
1057,663
1057,338
1057,479
1057,602
1057,824
1057,409
1057,582
1057,564
1057,398
1057,736
1057,522
1057,535
1057,588
1057,470
1057,502
1057,336
1057,654
1058,437
1059,533
1060,662
1061,458
1062,432
1062,411
1063,495
1064,693
1064,661
1064,318
1065,747
1066,135
1067,670
1068,260
1069,740
1069,731
1069,459
1069,473
1069,678
1069,591
1070,274
1070,637
1070,327
1070,711
1070,468
1070,589
1070,748
1071,485
1071,311
1071,548
1071,722
1071,536
1071,208
1071,679
1071,463
1071,215
1071,406
1072,431
1072,743
1072,542
1072,275
1072,359
1072,722
1072,625
1072,376
1073,443
1074,479
1075,262
1075,470
1075,678
1075,482
1075,279
1075,571
1075,563
1075,613
1076,728
1076,511
1076,491
1076,600
1076,343
1076,455
1076,578
1076,277
1076,447
1076,666
1076,413
1077,798
1077,553
1078,75
1078,722
1078,393
1078,416
1078,569
1078,620
1078,132
1078,592
1078,659
1078,448
1078,419
1078,717
1079,267
1079,634
1079,485
1079,416
1080,760
1080,787
1080,406
1081,431
1082,597
1082,708
1083,468
1083,505
1083,365
1083,722
1083,590
1083,630
1083,582
1083,348
1083,585
1083,275
1084,472
1084,489
1084,443
1084,328
1084,248
1084,353
1084,603
1085,471
1085,604
1085,288
1085,578
1086,343
1086,392
1086,591
1086,530
1086,352
1086,407
1086,688
1086,219
1086,800
1086,428
1086,490
1086,550
1086,526
1086,302
1086,435
1086,363
1086,174
1086,450
1086,588
1086,300
1086,235
1086,845
1086,719
1086,855
1087,571
1088,316
1089,522
1090,506
1090,750
1090,189
1090,302
1090,576
1091,371
1092,612
1092,833
1092,441
1092,651
1092,351
1092,452
1092,459
1093,615
1093,244
1093,774
1093,479
1093,538
1093,593
1093,388
1093,591
1093,281
1093,644
1094,580
1095,255
1096,343
1096,253
1096,474
1096,464
1096,294
1096,675
1096,493
1096,556
1096,561
1096,403
1096,313
1096,527
1096,582
1096,336
1097,805
1097,371
1097,424
1097,261
1097,681
1097,663
1097,462
1098,158
1098,565
1098,714
1098,372
1098,496
1098,746
1099,523
1100,704
1100,436
1100,611
1100,453
1101,588
1102,687
1102,858
1102,619
1103,357
1103,249
1104,229
1104,488
1104,271
1105,221
1105,695
1105,491
1105,352
1106,507
1106,174
1106,707
1106,445
1106,574
1106,725
1107,244
1108,500
1108,490
1108,475
1109,315
1110,528
1110,334
1111,407
1111,514
1111,570
1112,307
1113,694
1113,400
1113,306
1114,479
1114,862
1114,698
1114,493
1115,669
1115,714
1115,324
1116,579
1116,615
1117,358
1118,619
1118,314
1119,549
1119,256
1119,558
1120,642
1121,429
1121,721
1122,314
1123,481
1123,568
1123,425
1123,282
1123,258
1123,776
1123,469
1123,675
1123,698
1124,584
1124,399
1125,197
1126,621
1127,471
1127,902
1127,345
1128,375
1128,503
1129,354
1129,576
1129,278
1129,347
1129,491
1129,555
1130,416
1130,551
1130,361
1131,461
1132,567
1133,217
1133,471
1133,287
1134,499
1135,792
1135,384
1135,529
1135,600
1135,449
1135,626
1135,636
1135,273
1135,506
1135,279
1135,603
1136,685
1137,482
1137,604
1138,527
1138,594
1139,477
1140,540
1141,385
1142,494
1142,535
1143,517
1143,699
1143,152
1143,413
1144,322
1144,608
1145,777
1145,443
1145,437
1145,723
1146,341
1146,814
1146,517
1146,698
1147,665
1148,397
1149,139
1149,377
1149,135
1150,465
1151,504
1151,540
1151,467
1151,516
1151,436
1151,473
1151,535
1151,576
1151,610
1151,744
1152,585
1152,475
1152,557
1152,460
1152,295
1152,806
1152,378
1152,453
1152,452
1153,630
1154,162
1154,214
1154,521
1155,640
1156,153
1156,170
1156,455
1157,388
1157,413
1157,498
1157,783
1157,573
1158,431
1158,761
1159,388
1160,646
1161,596
1162,655
1163,357
1164,587
1164,451
1164,341
1164,597
1164,301
1164,532
1164,494
1164,129
1164,568
1164,567
1164,360
1164,104
1164,682
1164,504
1164,412
1164,622
1165,740
1165,320
1166,418
1167,567
1168,441
1168,572
1169,565
1170,311
1170,348
1170,359
1171,392
1171,598
1171,700
1171,617
1172,818
1173,443
1174,537
1175,510
1176,831
1177,637
1177,687
1177,749
1177,903
1177,464
1177,725
1177,258
1177,373
1177,625
1177,616
1178,356
1179,528
1180,472
1180,477
1180,653
1180,326
1180,339
1180,137
1180,368
1180,700
1180,556
1180,412
1181,574
1182,506
1183,627
1183,452
1183,773
1184,651
1185,482
1185,752
1185,127
1185,494
1186,278
1187,229
1188,527
1189,801
1189,97
1189,607
1189,575
1190,552
1191,597
1192,749
1193,683
1194,416
1195,356
1195,321
1195,248
1195,416
1195,653
1195,629
1195,484
1195,156
1195,740
1196,584
1196,563
1196,343
1197,643
1197,325
1198,320
1199,407
1199,632
1200,277
